{"cameraMode":{"drawMode":0,"name":"Shaded","section":"Shading Mode"},"sceneLighting":false,"audioPlay":false,"sceneViewState":{"m_AlwaysRefresh":false,"showFog":true,"showSkybox":true,"showFlares":true,"showImageEffects":true,"showParticleSystems":true,"showVisualEffectGraphs":true,"m_FxEnabled":true},"in2DMode":false,"pivot":{"x":0.6062063574790955,"y":0.9734535813331604,"z":0.460750550031662},"rotation":{"x":0.06322964280843735,"y":-0.6256111264228821,"z":0.050981514155864719,"w":0.7759180665016174},"size":1.0345790386199952,"orthographic":false}