{"cameraMode":{"drawMode":0,"name":"Shaded","section":"Shading Mode"},"sceneLighting":false,"audioPlay":false,"sceneViewState":{"m_AlwaysRefresh":false,"showFog":true,"showSkybox":true,"showFlares":true,"showImageEffects":true,"showParticleSystems":true,"showVisualEffectGraphs":true,"m_FxEnabled":true},"in2DMode":false,"pivot":{"x":-0.04977262020111084,"y":1.7812087535858155,"z":-0.1314636468887329},"rotation":{"x":-0.038805991411209109,"y":0.9611875414848328,"z":-0.1901547908782959,"w":-0.1961721032857895},"size":2.3498003482818605,"orthographic":false}