{"cameraMode":{"drawMode":0,"name":"Shaded","section":"Shading Mode"},"sceneLighting":false,"audioPlay":false,"sceneViewState":{"m_AlwaysRefresh":false,"showFog":true,"showSkybox":true,"showFlares":true,"showImageEffects":true,"showParticleSystems":true,"showVisualEffectGraphs":true,"m_FxEnabled":true},"in2DMode":false,"pivot":{"x":0.058385252952575687,"y":0.8824372291564941,"z":-0.059268176555633548},"rotation":{"x":-0.005372636951506138,"y":0.9945181012153626,"z":-0.08104401081800461,"w":-0.06606264412403107},"size":1.1908730268478394,"orthographic":false}